timestamp,value
2026-09-28,6.86
2026-09-29,6.86
2026-10-01 09:04:45,11.7
2026-10-01 09:08:04,11.7
2026-10-01 09:19:54,11.5
2026-10-01 13:27:34,11.5
2026-10-01 14:41:34,11.5
2026-10-01 19:39:25,11.5
2026-10-02 06:17:07,11.4
2026-10-02 08:50:00,11.4
2026-10-02 09:18:44,11.4
2026-10-02 09:43:47,11.4
2026-10-02 09:51:21,11.4
2026-10-02 10:04:16,11.4
2026-10-02 12:25:53,11.4
2026-10-02 16:18:13,11.4
2026-10-02 19:31:44,11.4
2026-10-03 05:38:10,11.5
2026-10-03 11:00:07,11.5
2026-10-03 14:57:32,11.5
2026-10-03 18:37:43,11.5
2026-10-04 06:23:23,11.5
2026-10-04 11:34:39,11.5
2026-10-04 14:58:12,11.5
2026-10-04 18:41:11,11.5
2026-10-05 07:08:34,11.1
2026-10-05 08:52:45,11.1
2026-10-05 15:32:59,11.1
2026-10-05 18:18:39,11.1
2026-10-05 21:05:58,11.1
2026-10-06 07:00:07,11.07
2026-10-06 10:01:34,11.07
2026-10-06 13:02:31,11.07
2026-10-06 16:45:41,11.07
2026-10-06 19:32:12,11.07
2026-10-07 06:50:15,11.07
2026-10-07 13:37:26,11.07
2026-10-07 16:58:14,11.07
2026-10-07 19:59:46,11.07
2026-10-08 07:07:39,10.95
2026-10-08 13:40:48,10.95
2026-10-08 16:59:56,10.95
2026-10-08 20:07:39,10.95
2026-10-09 07:06:50,10.95
2026-10-09 13:16:00,10.95
2026-10-09 16:30:13,10.95
2026-10-09 19:47:29,10.95
2026-10-10 06:24:48,10.83
2026-10-10 12:02:24,10.83
2026-10-10 15:42:01,10.83
