timestamp,offers,tradable,herfindahl_hirschman
2026-09-28T11:43-04:00,191,1438939.54,2.4
2026-09-28T11:57-04:00,183,1045882.04,3.42
2026-09-28T13:13-04:00,145,578140.18,3.8
2026-09-28T14:03-04:00,157,651853.65,3.61
2026-09-28T14:25-04:00,169,945815.24,3.39
2026-09-28T14:31-04:00,160,668694.88,4.88
2026-09-28T17:26-04:00,176,929104.67,3.26
2026-09-28T21:19-04:00,173,840092.51,2.91
2026-09-29T03:36-04:00,71,169079.25,8.79
2026-09-29T09:47-04:00,157,783936.41,3.55
2026-09-29T10:00-04:00,161,783649.11,3.01
2026-09-29T10:14-04:00,150,651788.98,3.24
2026-09-29T10:24-04:00,151,537296.57,2.82
2026-09-29T13:03-04:00,141,954432.16,3.81
2026-09-29T13:30-04:00,137,740197.13,4.18
