timestamp,low,high,median,vwap,naive
2026-09-28T11:43-04:00,12.06,36.0,12.17,12.58,12.07
2026-09-28T11:57-04:00,12.03,36.0,12.16,12.68,12.05
2026-09-28T13:13-04:00,11.97,36.0,12.15,12.46,11.99
2026-09-28T14:03-04:00,12.01,36.0,12.15,12.83,12.03
2026-09-28T14:25-04:00,11.99,36.0,12.14,12.59,12.0
2026-09-28T14:31-04:00,11.99,36.0,12.15,12.42,12.0
2026-09-28T17:26-04:00,12.0,36.0,12.13,12.69,12.01
2026-09-28T21:19-04:00,11.98,36.0,12.12,12.74,12.0
2026-09-29T03:36-04:00,12.05,36.0,12.29,12.41,12.05
2026-09-29T09:47-04:00,11.99,36.0,12.09,12.88,12.0
2026-09-29T10:00-04:00,11.99,36.0,12.09,13.13,12.0
2026-09-29T10:14-04:00,11.99,36.0,12.09,13.16,12.0
2026-09-29T10:24-04:00,11.96,36.0,12.09,13.44,12.0
2026-09-29T13:03-04:00,11.99,36.0,12.19,12.51,12.03
2026-09-29T13:30-04:00,12.01,36.0,12.2,12.62,12.05
2026-09-29T13:48-04:00,12.02,36.0,12.2,12.89,12.05
2026-09-29T14:07-04:00,12.0,36.0,12.14,12.55,12.04
2026-09-29T15:41-04:00,11.99,36.0,12.14,12.87,12.01
2026-09-29T19:15-04:00,11.97,36.0,12.07,13.0,11.97
2026-09-29T22:42-04:00,11.99,36.0,12.1,13.63,12.01
2026-09-30T05:05-04:00,12.01,24.82,12.14,13.62,12.03
2026-09-30T09:45-04:00,11.98,35.0,12.05,13.24,11.99
2026-09-30T10:01-04:00,11.98,35.0,12.05,13.41,11.99
2026-09-30T10:55-04:00,11.97,35.0,12.05,12.86,12.0
2026-09-30T11:17-04:00,11.97,35.0,12.05,12.76,11.99
2026-09-30T11:36-04:00,11.97,35.0,12.05,12.92,11.99
2026-09-30T12:28-04:00,11.98,24.82,12.05,13.19,11.99
2026-09-30T12:42-04:00,11.98,24.82,12.07,12.61,12.0
2026-09-30T13:02-04:00,11.98,24.82,12.1,12.46,12.0
2026-09-30T14:52-04:00,12.0,35.0,12.1,12.88,12.01
2026-10-01T07:04-04:00,12.04,35.0,12.16,13.12,12.06
2026-10-01T08:49-04:00,12.01,35.0,12.11,12.74,12.03
2026-10-01T09:02-04:00,12.0,35.0,12.1,12.57,12.03
2026-10-01T09:05-04:00,12.0,35.0,12.11,12.67,12.03
